x1,y1,z1,yaw1,pitch1,roll1,x2,y2,z2,yaw2,pitch2,roll2
-0.08214879035949707,1.392380952835083,-0.6715004444122314,5.271490452131017,17.120503145252528,48.63431193403875,0.04924178123474121,0.8689886331558228,-0.13055527210235596,38.857617877060335,45.1925584219824,-68.54711675929609
-0.08082389831542969,1.3968255519866943,-0.6721911430358887,4.7471238192067196,17.977357487727858,49.796455597449,0.04661202430725098,0.8694490194320679,-0.14015579223632812,37.5801616468637,43.8304727204906,-66.06684624764996
-0.08022928237915039,1.397599697113037,-0.6734552383422852,5.190743903679244,18.028271425990315,49.364251223219846,0.043131351470947266,0.8678368330001831,-0.13995742797851562,37.653820824761596,44.64175449373318,-66.67229486319293
-0.07901191711425781,1.3970730304718018,-0.6703519821166992,5.374530219479716,18.294115221432765,49.27178288182552,0.03796720504760742,0.8661209344863892,-0.1377720832824707,37.029574240139034,44.0727007614929,-66.53049227901094
-0.07813501358032227,1.3963745832443237,-0.6664166450500488,5.417764080863457,18.391279221457232,49.05985854021489,0.03528022766113281,0.8647176027297974,-0.1329054832458496,36.54475361913904,43.344268791501605,-66.67501963925983
-0.07518386840820312,1.3969874382019043,-0.6644482612609863,5.44897718703519,18.367116937499787,48.96653212477213,0.038413286209106445,0.8650267124176025,-0.12940454483032227,36.691122914134354,43.202772826659306,-66.7801634547185
-0.07607698440551758,1.3972012996673584,-0.6609053611755371,6.211389318522642,18.425297584417148,47.27031836877644,0.0421140193939209,0.8651243448257446,-0.12804913520812988,36.79248255839082,43.02785750869799,-66.99703725990058
-0.08453679084777832,1.3864555358886719,-0.6515352725982666,6.729025562605494,18.59626384006103,42.35320719011869,0.04594779014587402,0.8524580001831055,-0.1259293556213379,36.89496432915785,42.42850006478493,-66.79776346568767
-0.08208012580871582,1.3776702880859375,-0.700908899307251,8.354857371786357,18.98255009520256,37.7751242215377,0.04982137680053711,0.8154773712158203,-0.11155307292938232,41.4482352620424,47.95458611466585,-73.8292180057973
-0.049295902252197266,1.3974218368530273,-0.8188517093658447,7.719255981343894,20.529830823036814,39.03313340867999,0.04153609275817871,0.7752014398574829,-0.11253142356872559,45.622862502673804,51.839843418981125,-82.89734356901981
0.00789499282836914,1.4264553785324097,-1.0201268196105957,7.590539011789665,20.502059235235972,35.51014902216152,0.029142141342163086,0.7493747472763062,-0.14397084712982178,49.23668737844774,55.025561929864715,-92.4122255887604
0.07384395599365234,1.4565041065216064,-1.2667632102966309,5.547764376373279,16.523950921856624,34.55092290785723,0.024184226989746094,0.738932728767395,-0.20792150497436523,56.09766727538092,59.755810828603494,-104.63936047600697
0.14693522453308105,1.464780330657959,-1.526991367340088,1.0942327602993436,16.887934241066013,33.62243107773554,0.025192975997924805,0.725749135017395,-0.29967164993286133,66.40426022757653,67.93278844481509,-118.98505608492093
0.17661762237548828,1.4120404720306396,-1.7392144203186035,-3.0253083057719037,7.040887612232924,27.69963747837424,0.016288280487060547,0.7024984359741211,-0.371243953704834,78.33878061155565,74.58051434011182,-140.18499740946356
0.20721721649169922,1.3860036134719849,-1.8369159698486328,1.4183232937412664,7.455700850554126,29.470611056355413,0.001649618148803711,0.6785622835159302,-0.4426732063293457,69.78296918764235,61.54575316748109,-139.6060363188555
0.23545002937316895,1.370441198348999,-1.8815546035766602,1.9550244077939052,9.888065977195518,33.95407580553562,-0.004892587661743164,0.6732065677642822,-0.4669227600097656,67.3796600581816,55.489270831427135,-142.47063848237056
0.25304079055786133,1.3618862628936768,-1.8981385231018066,2.7573084773919794,12.015669770280507,38.05172877164748,0.0016944408416748047,0.6723028421401978,-0.4713001251220703,68.31444758093443,53.22955867476405,-145.03636085829373
0.26271820068359375,1.3530526161193848,-1.9065194129943848,2.5689323407222147,12.135003152453915,38.895041649884135,0.009488582611083984,0.6665198802947998,-0.4755258560180664,67.80515561616771,51.34962133174144,-145.1214758977281
0.2698216438293457,1.3537131547927856,-1.9091930389404297,1.27972246255522,12.297272466496995,39.298966953878434,0.012248516082763672,0.6621561050415039,-0.4796895980834961,67.46036989572332,51.29444433794226,-145.43680694199355
0.27277183532714844,1.362421989440918,-1.9081487655639648,1.3329178092109013,12.238230794426967,39.53596656809015,0.012465953826904297,0.6584160327911377,-0.4839768409729004,66.65403633575946,51.47422739003252,-145.00848451415527
0.2754940986633301,1.3737246990203857,-1.9060020446777344,0.33239233067838275,11.920869415325376,39.54116437108129,0.015604734420776367,0.655340313911438,-0.48609304428100586,65.49036326394264,50.56392768270059,-144.21973059751994
0.27642393112182617,1.3829782009124756,-1.9042353630065918,0.09453447553496595,11.554435365864318,39.05894225037554,0.023217201232910156,0.6515556573867798,-0.488645076751709,65.46948006289054,51.114297429086776,-143.39409158843836
0.2769041061401367,1.3854625225067139,-1.9038691520690918,0.12381051697868559,11.455306666390273,39.06447011612643,0.026769638061523438,0.6478174924850464,-0.4914970397949219,64.58926370932326,50.75941741613998,-142.5350270082517
0.27579402923583984,1.3818840980529785,-1.9055299758911133,0.012182333046785059,11.041046214292217,38.67421124407436,0.027172565460205078,0.6489073038101196,-0.49025511741638184,64.41931904820545,50.407703547182855,-142.4621538074615
0.27645301818847656,1.3811205625534058,-1.9049134254455566,-0.23231114304721268,11.252458642800317,38.77009400452625,0.0245058536529541,0.6513475179672241,-0.4877028465270996,64.5217756483101,50.57206598915424,-142.82874590075818
0.2769322395324707,1.3818013668060303,-1.9040906429290771,-0.3615332310098852,11.121317088933129,38.68934504712736,0.01886463165283203,0.6531808376312256,-0.4858207702636719,64.35956687909261,50.580923091119,-143.2322545543724
0.277468204498291,1.3831058740615845,-1.9018573760986328,0.05761264605276576,11.28777729736074,38.84251738993161,0.014730215072631836,0.6550194025039673,-0.48319578170776367,64.74444561917666,51.14698396039588,-143.7263746962241
0.2797660827636719,1.38284432888031,-1.899477481842041,-0.13228804146471895,11.4648939711598,38.84586909763626,0.010631084442138672,0.6570758819580078,-0.48085927963256836,64.5135002212853,50.80646647784732,-143.83396921511485
0.2819938659667969,1.3819572925567627,-1.8972182273864746,-0.4825385868416831,11.647402726767979,38.82494651260798,0.008301734924316406,0.6575958728790283,-0.47994375228881836,64.12883746856525,50.674236357096284,-143.5369313162259
